{
  "hash": "75f4ba87",
  "configHash": "1d1316b8",
  "lockfileHash": "d42f5c2f",
  "browserHash": "a37b82bc",
  "optimized": {
    "@angular/core": {
      "src": "../../../../../../node_modules/@angular/core/fesm2022/core.mjs",
      "file": "@angular_core.js",
      "fileHash": "7c9eca42",
      "needsInterop": false
    },
    "@angular/platform-browser": {
      "src": "../../../../../../node_modules/@angular/platform-browser/fesm2022/platform-browser.mjs",
      "file": "@angular_platform-browser.js",
      "fileHash": "8aa7115f",
      "needsInterop": false
    },
    "@angular/router": {
      "src": "../../../../../../node_modules/@angular/router/fesm2022/router.mjs",
      "file": "@angular_router.js",
      "fileHash": "24c1f0bf",
      "needsInterop": false
    },
    "@angular/forms": {
      "src": "../../../../../../node_modules/@angular/forms/fesm2022/forms.mjs",
      "file": "@angular_forms.js",
      "fileHash": "57675761",
      "needsInterop": false
    },
    "@angular/common": {
      "src": "../../../../../../node_modules/@angular/common/fesm2022/common.mjs",
      "file": "@angular_common.js",
      "fileHash": "7a823f06",
      "needsInterop": false
    }
  },
  "chunks": {
    "chunk-KNDWKCRI": {
      "file": "chunk-KNDWKCRI.js"
    },
    "chunk-ZLWQD4XV": {
      "file": "chunk-ZLWQD4XV.js"
    },
    "chunk-PSGA3BG2": {
      "file": "chunk-PSGA3BG2.js"
    }
  }
}